Title,Channel,Video ID,Views,Likes,Comments,Published Date,Duration,Description,Tags,Thumbnail URL
Best Advice to Small Business Owners,Goldman Sachs,0PbjZ01ObLA,2301159,0,0,2016-06-10T18:42:26Z,PT3M26S,"At an event honoring the twentieth graduating class of the 10,000 Small Businesses program at LaGuardia Community College in New York, we asked some of the business leaders in attendance to share their insights on business-building and how to further empower American entrepreneurship.  Learn more: http://link.gs.com/gdJL","small business, small business owners, warren buffett, mike bloomberg, jack dorsey, marc morial, kerry healey",https://i.ytimg.com/vi/0PbjZ01ObLA/mqdefault.jpg
17 Tips to Run a Small Business & PREVENT Business Failure,Young Entrepreneurs Forum,9xzMf89u2vM,399781,6052,88,2016-10-09T15:59:15Z,PT4M26S,"Introducing 17 Most important business tips to run a small business. You can prevent your small business failure by following these all 17 business tips for your successful small business start-ups. Also, watch questions answers before starting your own business - https://www.youtube.com/watch?v=PKNkauKgRLw

What wiki says about small business - https://en.wikipedia.org/wiki/Small_business

Following tips are very important for running your small business in 2016.

Business - https://en.wikipedi","run a small business, how to run a small business, small business, prevent business failure, Small Business Start-Ups, starting a small business, I am an Entrepreneur, young entrepreneurs forum, young entrepreneurs, run a successful small business",https://i.ytimg.com/vi/9xzMf89u2vM/mqdefault.jpg
6 Tips on Being a Successful Entrepreneur | John Mullins | TED,TED,eHJnEHyyN1Y,2776836,53700,836,2024-02-09T19:47:43Z,PT15M20S,"Sometimes, you need to break the rules to innovate â€” but which ones? Entrepreneurship professor John Mullins shares six counter-conventional mindsets for entrepreneurs looking to think strategically, navigate challenges and change the world.

If you love watching TED Talks like this one, become a TED Member to support our mission of spreading ideas: https://ted.com/membership

Follow TED! 
X: https://twitter.com/TEDTalks
Instagram: https://www.instagram.com/ted
Facebook: https://facebook.com/TED","TEDTalk, TEDTalks, TED Talk, TED Talks, TED, business, entreprenuer, success, personal growth, John Mullins",https://i.ytimg.com/vi/eHJnEHyyN1Y/mqdefault.jpg
"Tips For Starting Your Business | Small Business Tips For Beginners, Avoid Making These Mistakes!",Noeli Creates,ik7zxHYH5g8,213164,8349,272,2025-01-04T03:13:35Z,PT11M43S,"In today's video I'm going to share with you my most important tips for starting a small business! These are small business tips for beginners & mistakes to avoid when starting a small business! 


DESIGN.COM - CREATE YOUR SMALL BUSINESS LOGO!
https://www.design.com/partner/noelicreates

SHOP NOELICREATES 
https://noelicreates.com/

MY FACEBOOK GROUP FOR SMALL BUSINESS
https://www.facebook.com/groups/noelicreates

SOCIALS: 
TIKTOK
https://www.tiktok.com/@noelicreates
INSTAGRAM 
https://www.insta","small business, small business ideas 2025, small business tips, Tips For Starting Your Business, Small Business Tips For Beginners, 10 tips for starting your own business, small business tips and tricks, small business advice, tips for starting a business, starting a business for beginners",https://i.ytimg.com/vi/ik7zxHYH5g8/mqdefault.jpg
10 Tips for Starting your Own Business [ Must Watch ],Young Entrepreneurs Forum,wxyGeUkPYFM,1372213,21367,452,2016-06-15T13:11:03Z,PT4M29S,"Do you want to start your own business? Then, watch 10 Business tips for starting your own business. Every Young Entrepreneurs must need to aware with these 10 business.
Watch How to Write a Business plan - https://www.youtube.com/watch?v=n6ecdYd8T6o

Join our Young Entrepreneurs Forum - http://www.youngentrepreneursforum.com/
#youngentrepreneursforum

Hello all Young Entrepreneurs. I hope you all are fine. Welcome to starting your own business tips for young entrepreneurs. If you are looking fo","tips for starting your own business, starting your own business, own business, young entrepreneurs forum, young entrepreneurs, Business",https://i.ytimg.com/vi/wxyGeUkPYFM/mqdefault.jpg
